article_id,year,decade,citation,summary_word_count,evidence_type__content_or_artifact_analysis,evidence_type__empirical_study,evidence_type__evidence_synthesis,evidence_type__implementation_case,evidence_type__instrument_or_framework_development,evidence_type__practitioner_reflection,evidence_type__professional_practice_artifact,evidence_type__theoretical_or_conceptual
AJ7WNY5I,2023,2020s,"3RT Superhero media recommendations 2023. (2024, March 14). *Google Docs*. https://docs.google.com/document/d/1DNKOyCU1ooV0C2ciFa0AlJE4wy18BVeD0MX-8Pcsr4U/edit",414,0,0,0,0,0,0,1,0
R25JQETQ,2024,2020s,9th Level Games. (2024). *LSHM: TTRPG Kobolds Ate My Baby*. Google Docs.,329,0,0,0,0,0,0,1,0
67C8TZZX,2021,2020s,"Abrams, S. S., & Van Eck, R. N. (2021). Checked out? Videogame programming in U.S. libraries and implications for videogame literacies. *Journal of Adolescent & Adult Literacy, 65*(3), 227-236. https://doi.org/10.1002/jaal.1197",788,0,1,0,0,0,0,0,0
EYQUEMRN,2023,2020s,"Adams, M. J., Finch, M., & Gamble, B. (2023). More than a game: Scenario planning, imagination, and the public library's future. *Public Library Quarterly, 42*(6), 665-687. https://doi.org/10.1080/01616846.2022.2154068",708,0,1,0,0,0,0,0,0
37INN9W2,2024,2020s,"Al-Hafdi, F. S., & Alhalafawy, W. S. (2024). Ten years of gamification-based learning: A bibliometric analysis and systematic review. *International Journal of Interactive Mobile Technologies (iJIM), 18*(7), 188-212. https://doi.org/10.3991/ijim.v18i07.45335",550,0,0,1,0,0,0,0,0
ZRJCFVSK,2024,2020s,"Alomair, Y., & Hammami, S. (2024). Enhancing the achievement of learning outcomes for foreign language learners based on gamification and card games. *International Journal of Computer Games Technology, 2024*(1), Article 8084687. https://doi.org/10.1155/2024/8084687",596,0,1,0,0,0,0,0,0
NZ5ZLFV2,2017,2010s,"Alvarez, V. G. (2017). Engaging students in the library through tabletop gaming. *Knowledge Quest, 45*(4), 40-48.",634,0,0,0,0,0,1,0,0
VITHPF47,2022,2020s,"Anderson, K. (2022). Libraries & lizards: Playing D&D at public libraries program framework. *YA Hotline*, (116).",647,0,0,0,0,0,1,0,0
5Z6P5ADC,2023,2020s,"Asercion, C. (2023). *LSHM: Street Magic & Names*. Google Docs.",376,0,0,0,0,0,0,1,0
RTW4QTRW,2016,2010s,Association of College and Research Libraries. (2016). *Framework for information literacy for higher education*. American Library Association.,540,0,0,0,0,0,1,0,0
2QU6TCDA,2014,2010s,"Baker, C. J. (2014). *Video games: Their effect on society and how we must modernize our pedagogy for students of the digital age* [Master's thesis, Virginia Commonwealth University]. VCU Scholars Compass.",381,0,0,0,0,0,0,0,1
R55LL85J,2024,2020s,"Baker, C. J. (2024). *Research proposal: Games-based library services study & needs assessment* [Unpublished research proposal]. School of Information Studies, University of Wisconsin-Milwaukee.",675,0,1,0,0,1,0,0,0
7GVIIXMR,2025,2020s,"Baltezarević, R., & Baltezarević, I. (2025). Digital game-based learning's (DGBL) effect on students' academic performance. *International Journal of Cognitive Research in Science, Engineering and Education (IJCRSEE), 13*(1), 127-140. https://doi.org/10.23947/2334-8496-2025-13-1-127-140",555,0,1,0,0,0,0,0,0
AB6TZT7M,2023,2020s,"Bang, H. J., Li, L., & Flynn, K. (2023). Efficacy of an adaptive game-based math learning app to support personalized learning and improve early elementary school students' learning. *Early Childhood Education Journal, 51*(4), 717-732. https://doi.org/10.1007/s10643-022-01332-3",540,0,1,0,0,0,0,0,0
WNZ7L4A2,2024,2020s,"Banihashem, S. K., Dehghanzadeh, H., Clark, D., Noroozi, O., & Biemans, H. J. A. (2024). Learning analytics for online game-based learning: A systematic literature review. *Behaviour & Information Technology, 43*(12), 2689-2716. https://doi.org/10.1080/0144929X.2023.2255301",641,0,0,1,0,0,0,0,0
FLHZXQRL,2024,2020s,"Barz, N., Benick, M., Dörrenbächer-Ulrich, L., & Perels, F. (2024). The effect of digital game-based learning interventions on cognitive, metacognitive, and affective-motivational learning outcomes in school: A meta-analysis. *Review of Educational Research, 94*(2), 193-227. https://doi.org/10.3102/00346543231167795",686,0,0,1,0,0,0,0,0
F7G7R2IK,2024,2020s,"Bayeck, R. Y., & Bayeck, J. M. (2024). The intersection of place and game design: The case of two classic African board games. *Design Issues, 40*(4), 5-16. https://doi.org/10.1162/desi_a_00776",749,0,1,0,0,0,0,0,0
UU8SVMJT,2008,2000s,"Bell, L., & Trueman, R. B. (Eds.). (2008). *Virtual worlds, real libraries: Librarians and educators in Second Life and other multi-user virtual environments*. Information Today.",630,0,0,0,0,0,1,0,0
NCPXFTAT,2024,2020s,Beth and Angel Make Games. (2024). *LSHM: Were You Paying Attention?!* Google Docs.,408,0,0,0,0,0,0,1,0
4L7M87P4,2015,2010s,"Bishoff, C., Farrell, S. L., & Neeser, A. E. (2015). Outreach, collaboration, collegiality: Evolving approaches to library video game services. *Journal of Library Innovation, 6*(1), 92-109.",921,0,1,0,0,0,0,0,0
9UCTXT7P,2019,2010s,"Blummer, B., & Kenton, J. M. (2019). Academic libraries' outreach efforts: Identifying themes in the literature. *Public Services Quarterly, 15*(3), 179-204. https://doi.org/10.1080/15228959.2019.1592058",524,0,0,1,0,0,0,0,0
M5ISNVTX,2023,2020s,"Book list: How Dungeons & Dragons in your library aids social emotional learning. (2023, May 7). *MacKids School & Library*. https://www.mackidsschoolandlibrary.com/book-list-how-dungeons-dragons-in-your-library-aids-social-emotional-learning/",431,0,0,0,0,0,1,0,0
NI839YJM,2018,2010s,"Boyle, C. (2018). Play time: Why video games are essential to urban academic libraries. *Urban Library Journal, 24*(1), 1-11.",865,0,0,0,0,0,1,0,0
8GEHLKNA,2022,2020s,"Brackenbury, T., & Kopf, L. (2022). Serious games and gamification: Game-based learning in communication sciences and disorders. *Perspectives of the ASHA Special Interest Groups, 7*(2), 482-498. https://doi.org/10.1044/2021_PERSP-21-00284",490,0,0,0,0,0,0,0,1
I32QDWTX,2024,2020s,"Brandon, R., Costello, D., Porter, M., & Strang, R. (2024). RTRT - Zines - Resource Document. *Google Docs*. https://docs.google.com/document/d/1XFpG96vwsOzRS7rcTeqKx6FK15EwkI6A5B0gvtf7Qv0/edit?usp=sharing&usp=embed_facebook",414,0,0,0,0,0,0,1,0
NHFEUHCI,2017,2010s,"Bremer, P. (2017). Games people play. *The Reference Librarian, 58*(3), 202-205. https://doi.org/10.1080/02763877.2017.1320699",521,0,0,0,1,0,0,0,0
QKJ77I42,2023,2020s,"Brennan, R. (2023). Wellbeing in the school library. *School Librarian, 71*(2), 10-11.",501,0,0,0,0,0,1,0,0
ZYRV8L4E,2008,2000s,"Bronack, S., Sanders, R., Cheney, A., Riedl, R., Tashner, J., & Matzen, N. (2008). Presence pedagogy: Teaching and learning in a 3D virtual immersive world. *International Journal of Teaching and Learning in Higher Education, 20*(1), 59-69.",1614,0,1,0,0,0,0,0,0
5DNWG3IV,2014,2010s,"Broussard, M. J. S. (2014). Using games to make formative assessment fun in the academic library. *The Journal of Academic Librarianship, 40*(1), 35-42. https://doi.org/10.1016/j.acalib.2012.12.001",647,0,0,0,0,0,0,0,1
Q44D8QIG,2013,2010s,"Brown, R. T., & Kasper, T. (2013). The fusion of literacy and games: A case study in assessing the goals of a library video game program. *Library Trends, 61*(4), 755-778.",836,0,1,0,0,0,0,0,0
5RC5BETF,2012,2010s,"Buchanan, K., & Vanden Elzen, A. M. (2012). Beyond a fad: Why video games should be part of 21st century libraries. *Education Libraries, 35*(1-2), 15-33.",706,0,0,0,0,0,0,0,1
EYN2H24R,2017,2010s,"Buller, R. (2017). Lending video game consoles in an academic library. *portal: Libraries and the Academy, 17*(2), 337-346. https://doi.org/10.1353/pla.2017.0020",769,0,0,0,1,0,0,0,0
U72W4J3Y,2016,2010s,"Burek Pierce, J. (2016). The reign of children: The role of games and toys in American public libraries, 1876-1925. *Information & Culture, 51*(3), 373-398. https://doi.org/10.7560/IC51304",560,1,0,0,0,0,0,0,0
L7HTHH63,2021,2020s,"Burgess, J., & Wallace, A. (2021). Using investigative video games to teach clinical intuition and metacognition in reference transactions. *Journal of Education for Library and Information Science, 62*(4), 477-491. https://doi.org/10.3138/jelis.62-4-2020-0099",796,0,1,0,0,0,0,0,0
HYAVT29T,2020,2020s,"Casucci, T., Locke, A. B., Henson, A., & Qeadan, F. (2020). A workplace well-being game intervention for health sciences librarians to address burnout. *Journal of the Medical Library Association, 108*(4), 605-617. https://doi.org/10.5195/jmla.2020.742",751,0,1,0,0,0,0,0,0
4ICXCNCB,2024,2020s,"Chang, C. (2024). *LSHM: TTRPG Halo 'n' Horns*. Google Docs.",313,0,0,0,0,0,0,1,0
58K7Q6BM,2021,2020s,"Chapman, A. (2021). Trials of metadata: Emerging schemas for videogame cataloguing. *Journal of Library Metadata, 21*(3-4), 63-103. https://doi.org/10.1080/19386389.2021.2007729",784,1,0,0,0,1,0,0,0
5XI6QKSG,2023,2020s,"Chen, C.-H., Law, V., & Huang, K. (2023). Adaptive scaffolding and engagement in digital game-based learning. *Educational Technology Research and Development, 71*(4), 1785-1798. https://doi.org/10.1007/s11423-023-10244-x",559,0,1,0,0,0,0,0,0
HRJCAEDX,2024,2020s,"Chen, C.-M., & Yang, Y.-C. (2024). A game-based augmented reality navigation system to support makerspace user education in a university library. *The Electronic Library, 42*(1), 78-101. https://doi.org/10.1108/EL-05-2023-0107",594,0,1,0,0,0,0,0,0
RERILY87,2024,2020s,"Chen, K.-F., Hwang, G.-J., & Chen, M.-R. A. (2024). Knowledge check-based concept mapping in digital games: Impacts on students' learning performance and behaviors. *Educational Technology Research and Development, 72*(4), 2297-2324. https://doi.org/10.1007/s11423-024-10378-6",579,0,1,0,0,0,0,0,0
9VKUZV88,2023,2020s,"Cho, Y., Coward, C., Lackner, J., Windleharth, T. W., & Lee, J. H. (2023). The use of an escape room as an immersive learning environment for building resilience to misinformation. *Journal of Librarianship and Information Science, 57*(2), 524-538. https://doi.org/10.1177/09610006231208027",608,0,1,0,0,0,0,0,0
WVYERW8X,2012,2010s,"Chow, A. S., Baity, C. C., Zamarripa, M., Chappell, P., Rachlin, D., & Vinson, C. (2012). The information needs of virtual users: A study of Second Life libraries. *The Library Quarterly, 82*(4), 477-510. https://doi.org/10.1086/667436",811,0,1,0,0,0,0,0,0
VCLTFV8I,2016,2010s,"Clark, D. B., Tanner-Smith, E. E., & Killingsworth, S. S. (2016). Digital games, design, and learning: A systematic review and meta-analysis. *Review of Educational Research, 86*(1), 79-122. https://doi.org/10.3102/0034654315582065",844,0,0,1,0,0,0,0,0
55C8V6PH,2014,2010s,"Clarke, R. I., Lee, J. H., Jett, J., & Sacchi, S. (2014). Exploring relationships among video games. In *2014 IEEE/ACM Joint Conference on Digital Libraries* (pp. 481-482). IEEE. https://doi.org/10.1109/JCDL.2014.6970235",503,0,0,0,0,1,0,0,0
JQNUI7FL,2019,2010s,"Coonan, E. (2019). 'The best way to learn is just to play'. *Journal of Information Literacy, 13*(1), 1-2. https://doi.org/10.11645/13.1.2648",372,0,1,0,0,0,0,0,0
FFP8YPTK,2013,2010s,"Copeland, T., Henderson, B., Mayer, B., & Nicholson, S. (2013). Three different paths for tabletop gaming in school libraries. *Library Trends, 61*(4), 825-835. https://doi.org/10.1353/lib.2013.0018",762,0,1,0,1,0,0,0,0
W7UP95RR,2024,2020s,"Cormier, J., & Fail Faster. (2024). *LSHM: Design Your Destiny*. Google Docs.",434,0,0,0,0,0,0,1,0
849MR2XQ,2023,2020s,"Creating a TTRPG Resources. (2023, August 15). *Google Docs*. https://docs.google.com/document/d/1RxxSUrfIN9GB3jE94GzgwfUztm09xZCpUtVWltKm3_c/edit",428,0,0,0,0,0,0,1,0
CBWVGQZ3,2015,2010s,"Cross, E., Mould, D., & Smith, R. (2015). The protean challenge of game collections at academic libraries. *New Review of Academic Librarianship, 21*(2), 129-145. https://doi.org/10.1080/13614533.2015.1043467",611,0,0,0,1,0,0,0,0
A28988GV,2023,2020s,"Cross, L., Piovesan, A., Sousa, M., Wright, P., & Atherton, G. (2023). Your move: An open access dataset of over 1500 board gamer's demographics, preferences and motivations. *Simulation & Gaming.* https://doi.org/10.1177/10468781231189493",652,0,1,0,0,0,0,0,0
87ZB9FSP,2020,2020s,"Crowe, S., & Sclippa, E. (Eds.). (2020). Games and gamification in academic libraries. Association of College and Research Libraries.",1009,0,0,0,1,0,0,0,0
PX3RT98L,2019,2010s,"Dahya, N., Lee, J. H., Lee, K. J., King, W. E., Goel, M., & Yassin, H. (2019). *Virtual reality in public libraries*. University of Washington Information School. https://ischool.uw.edu/vrinlibraries",702,0,1,0,0,0,0,0,0
YKZPV26J,2021,2020s,"Danilovic, S., & de Voogt, A. (2021). Making sense of abstract board games: Toward a cross-ludic theory. *Games and Culture, 16*(5), 499-518. https://doi.org/10.1177/1555412020914722",687,0,0,0,0,0,0,0,1
87E2V4JF,2015,2010s,"de Groat, G. (2015). A history of video game cataloging in U.S. libraries. *Cataloging & Classification Quarterly, 53*(2), 135-156. https://doi.org/10.1080/01639374.2014.954297",797,1,0,0,0,0,0,0,0
2M3AP2GL,2017,2010s,"De Long, K., Garrison, J., & Ryan, M. (2017). All in: A public services philosophy for the twenty-first century academic library. *portal: Libraries and the Academy, 17*(2), 201-204.",279,0,0,0,0,0,0,0,1
HNBUMPAG,2011,2010s,"Deterding, S., Dixon, D., Khaled, R., & Nacke, L. (2011). From game design elements to gamefulness: Defining ""gamification."" In *Proceedings of the 15th International Academic MindTrek Conference: Envisioning Future Media Environments* (pp. 9-15). ACM. https://doi.org/10.1145/2181037.2181040",662,0,0,0,0,0,0,0,1
7VH8M8XR,2024,2020s,"Dionne, K., & The Arcane Library. (2024). *LSHM: Shadowdark RPG Series*. Google Docs.",428,0,0,0,0,0,0,1,0
3PBQKCCD,2025,2020s,"Dong, H., Moreno, P., Rodrigues, T., & Stone, J. (2025). Enhancing discoverability: Transitioning a board game collection from a LibGuide to a CollectionBuilder site. *Information Technology and Libraries, 44*(1). https://doi.org/10.5860/ital.v44i1.17075",586,0,0,0,1,0,1,0,0
AARZCMQI,2022,2020s,"Downie, S., & Proulx, S. (2022). Investigating the role of gamification in public libraries' literacy-centered youth programming. *International Journal of Play, 11*(4), 382-404. https://doi.org/10.1080/21594937.2022.2136637",781,1,0,0,0,0,0,0,0
PQJ96YIY,2015,2010s,"Elkins, A. J. (2015). Lets play! Why school librarians should embrace gaming in the library. *Knowledge Quest, 43*(5), 58-63.",489,0,0,0,0,0,1,0,0
9IPKA2CE,2020,2020s,"Elkins, A. J., & Hollister, J. M. (2020). Power up: Games and gaming in Library and Information Science curricula in the United States. *Journal of Education for Library and Information Science, 61*(2), 229-252. https://doi.org/10.3138/jelis.2019-0038.r1",755,0,1,0,0,0,0,0,0
MR2KV4NF,2022,2020s,"Farkas, B., Shang, Y., & Alhourani, F. (2022). Teaching tip: Teaching business process concepts in an introductory information systems class: A multi-level game-based learning approach. *Journal of Information Systems Education, 33*(4), 306-323.",432,0,1,0,0,0,0,0,0
5N2HI87D,2011,2010s,"Farmer, L. S. J. (2011). Are girls game? *Knowledge Quest, 40*(1), 14-17.",468,0,0,0,0,0,1,0,0
8XX2IH2G,2017,2010s,"Farrell, S. L., Neeser, A. E., & Bishoff, C. (2017). Academic uses of video games: A qualitative assessment of research and teaching needs at a large research university. *College & Research Libraries, 78*(5), 675-700. https://doi.org/10.5860/crl.78.5.675",581,0,1,0,0,0,0,0,0
DG2AN7WP,2007,2000s,"Fisher, K. E., Saxton, M. L., Edwards, P. M., & Mai, J.-E. (2007). Seattle Public Library as place: Reconceptualizing space, community, and information at the Central Library. In J. E. Buschman & G. J. Leckie (Eds.), *The library as place: History, community, and culture* (pp. 135-160). Libraries Unlimited.",1020,0,1,0,0,0,0,0,0
3LSZ4R4E,2021,2020s,"Forsythe, C. (2021). Game on! Reflections of a board game librarian: An examination and application of non-traditional collections and recreational play in the academic library. *Emerging Library & Information Perspectives, 4*, 143-156. https://doi.org/10.5206/elip.v4i1.13442",762,0,1,0,0,0,0,0,0
FE73J8WI,2023,2020s,Games/play & childhood development resource list. (2023). Google Docs.,313,0,0,0,0,0,0,1,0
G4QURU9H,2019,2010s,"Giles, K., Shuyler, K. S., Evans, A., & Reed, J. (2019). Creating a library orientation card game to reach new transfer students. *Public Services Quarterly, 15*(3), 236-245. https://doi.org/10.1080/15228959.2018.1488643",806,0,1,0,1,0,0,0,0
XJ445K2P,2024,2020s,gnomedic. (2024). *LSHM: TTRPG Summer Break*. Google Docs.,366,0,0,0,0,0,0,1,0
LXYNXFMH,2020,2020s,"Goddard, J. (2020). Public libraries respond to the COVID-19 pandemic, creating a new service model. *Information Technology and Libraries, 39*(4), 1-4. https://doi.org/10.6017/ital.v39i4.12847",1515,0,1,0,1,0,0,0,0
8R9QA5IH,2024,2020s,"Goudeau, J. (2024). *LSHM: Magikarp Makeover*. Google Docs.",407,0,0,0,0,0,0,1,0
43HBDL97,2023,2020s,"Guo, S.-C., & Lan, Y.-J. (2023). Virtual world-supported contextualized multimodal EFL learning at a library. *Language Learning & Technology, 27*(2), 176-198. https://hdl.handle.net/10125/73508",660,0,1,0,0,0,0,0,0
VKFJS5P8,2020,2020s,"Hassinger-Das, B., Zosh, J. M., Hansen, N., Talarowski, M., Zmich, K., Golinkoff, R. M., & Hirsh-Pasek, K. (2020). Play-and-learn spaces: Leveraging library spaces to promote caregiver and child interaction. *Library & Information Science Research, 42*(1), 101002. https://doi.org/10.1016/j.lisr.2020.101002",902,0,1,0,0,0,0,0,0
CWH727S6,2008,2000s,"Hedreen, R. C., Johnson, J. L., Lundy, M. A., Burnette, P., Perryman, C., Van Den Brekel, G., Jacobson, J. J., Gullett, M., & Czarnecki, K. (2008). Exploring virtual librarianship: Second Life Library 2.0. *Internet Reference Services Quarterly, 13*(2-3), 167-195. https://doi.org/10.1080/10875300802103833",572,0,0,0,0,0,1,0,0
NT3EMT7Q,2022,2020s,"Helbing, R. R., Lapka, S., Richdale, K., & Hatfield, C. L. (2022). In-person and online escape rooms for individual and team-based learning in health professions library instruction. *Journal of the Medical Library Association, 110*(4), 507-512. https://doi.org/10.5195/jmla.2022.1463",692,0,1,0,0,0,0,0,0
B72IBLMX,2024,2020s,"Henriksen-Bulmer, J., Rosenorn-Lanng, E., Corbin-Clarke, S., Ware, S., Melacca, D., & Fenge, L.-A. (2024). Using game-based learning to teach young people about privacy and online safety. *Interactive Learning Environments, 32*(10), 6430-6450. https://doi.org/10.1080/10494820.2023.2265424",707,0,1,0,0,0,0,0,0
4TXA5CKJ,2018,2010s,"Heron, M. J., Belford, P. H., Reid, H., & Crabb, M. (2018). Meeple centred design: A heuristic toolkit for evaluating the accessibility of tabletop games. *The Computer Games Journal, 7*(2), 97-114. https://doi.org/10.1007/s40869-018-0057-8",770,0,0,0,0,0,1,0,0
48FGJ9GY,2016,2010s,"Hill, C. (2016). Play on: The use of games in libraries. *The Christian Librarian, 59*(1), 34-42. https://doi.org/10.55221/2572-7478.1157",693,0,0,0,0,0,0,0,1
KRDN93EF,2024,2020s,"Hollister, J. M. (2024). Virtual libraries in the new metaverse: An exploratory study on community libraries in Meta Horizon Worlds. *International Journal of Knowledge Content Development & Technology, 14*(4), 113-133. https://doi.org/10.5865/IJKCT.2024.14.4.113",836,0,1,0,1,0,0,0,0
JTZKAHE4,2019,2010s,"Horban, Y., & Skachenko, O. (2019). A library in the game: Teaching information literacy and preventing plagiarism. *Bibliotechnyi Visnyk, 5*(253), 26-33. https://doi.org/10.15407/bv2019.05.026",602,0,1,0,0,0,0,0,0
S5TBKC3H,2023,2020s,"Howitt, G. (2023). *LSHM: TTRPG Honey Heist*. Google Docs.",336,0,0,0,0,0,0,1,0
KY2K8TWH,2024,2020s,"Huber, S. E., Kiili, K., Nebel, S., Ryan, R. M., Sailer, M., & Ninaus, M. (2024). Leveraging the potential of large language models in education through playful and game-based learning. *Educational Psychology Review, 36*(1), Article 25. https://doi.org/10.1007/s10648-024-09868-z",567,0,0,0,0,0,0,0,1
WMWT6IVS,1950,1950s,"Huizinga, J. (1950). *Homo Ludens: A study of the play-element in culture*. Roy Publishers.",667,0,0,0,0,0,0,0,1
XVMADALR,2024,2020s,"Hwang, G.-J., & Zhang, D. (2024). Effects of an adaptive computer agent-based digital game on EFL students' English learning outcomes. *Educational Technology Research and Development, 72*(6), 3271-3294. https://doi.org/10.1007/s11423-024-10396-4",549,0,1,0,0,0,0,0,0
NWIEBHQE,2023,2020s,"Inman Berens, K., & Noorda, R. (2023). *Gen Z and millennials: How they use public libraries and identify through media use*. American Library Association.",722,0,1,0,0,0,0,0,0
LIJC52AS,2012,2010s,"Jaeger, P. T., Bertot, J. C., Thompson, K. M., Katz, S. M., & DeCoster, E. J. (2012). The intersection of public policy and public access: Digital divides, digital literacy, digital inclusion, and public libraries. *Public Library Quarterly, 31*(1), 1-20. https://doi.org/10.1080/01616846.2012.654728",637,0,0,0,0,0,0,0,1
KUH3ZRH3,2021,2020s,"Janik, J. (2021). Intra-acting bio-object: A posthuman approach to the player-game relation. *Journal of Gaming & Virtual Worlds, 13*(1), 21-39. https://doi.org/10.1386/jgvw_00026_1",528,0,0,0,1,0,0,0,0
RGMIIFPW,2017,2010s,"Jerrett, A., Bothma, T. J. D., & de Beer, K. (2017). Exercising library and information literacies through alternate reality gaming. *Aslib Journal of Information Management, 69*(2), 230-254. https://doi.org/10.1108/AJIM-11-2016-0185",792,0,1,0,0,0,0,0,0
R29B543T,2017,2010s,"Kaylor, S. L. B. (2017). *Dungeons and Dragons and literacy: The role tabletop role-playing games can play in developing teenagers' literacy skills and reading interests* [Graduate research paper, University of Northern Iowa]. UNI ScholarWorks.",634,0,1,0,0,0,0,0,0
PFP4LUWL,2016,2010s,"Keating, S. A. (2016). Organizing videogame metadata in CollectiveAccess. In *iConference 2016 Proceedings*. iSchools. https://doi.org/10.9776/16479",714,0,0,0,1,1,0,0,0
AHBICLVT,2017,2010s,"Keating, S., Lee, W.-C., Windleharth, T., & Lee, J. H. (2017). The style of Tetris is... possibly Tetris?: Creative professionals' description of video game visual styles. In *Proceedings of the 50th Hawaii International Conference on System Sciences* (pp. 2046-2055). https://doi.org/10.24251/HICSS.2017.248",696,0,1,0,0,1,0,0,0
L9HTX4RM,2019,2010s,"Kirsch, B. (2019). Virtual reality: The next big thing for libraries to consider. *Information Technology and Libraries, 38*(4), 4-5. https://doi.org/10.6017/ital.v38i4.11847",538,0,0,0,0,0,1,0,0
WEAAMT6U,2019,2010s,"Knapp, N. F. (2019). Using technology to foster ""real reading"" in the school library and beyond. *Knowledge Quest, 48*(1), 54-59.",481,0,0,0,0,0,1,0,0
2PINRDBM,2020,2020s,"Kroski, E. (2020). Why create digital breakouts? Opportunities for libraries. *Library Technology Reports, 56*(3), 8-9.",511,0,0,0,0,0,0,0,1
YLD9EAM6,2024,2020s,*LAG: Stardew Valley Resources*. (2024). Google Docs.,261,0,0,0,0,0,0,1,0
ZR7WBBYF,2018,2010s,"Lan, Y.-J., Botha, A., Shang, J., & Jong, M. S.-Y. (2018). Guest editorial: Technology enhanced contextual game-based language learning. *Educational Technology & Society, 21*(3), 86-89.",297,0,0,0,1,0,0,0,0
LZXZ98KR,2021,2020s,"Langan, K. A. (2021). The library language game: Information literacy through the lens of Wittgenstein's language games. *Communications in Information Literacy, 15*(1), 104-118. https://doi.org/10.15760/comminfolit.2021.15.1.6",503,0,0,0,0,0,0,0,1
EKQ3AVH9,2023,2020s,"Lanter, J., Norton, S., Wright, A., Porter, M., & Costello, D. (2023). RTRT: Addressing Censorship. *Google Docs*. https://docs.google.com/document/u/1/d/13OhgA3ODQFRkl6MrG2miUghXfHjRKMqm5NJEgwKZgOc/edit?usp=drive_web&ouid=104872546336741826329&usp=embed_facebook",475,0,0,0,0,0,0,1,0
Q3CLR63Q,2012,2010s,"Lee, J. H., Tennis, J. T., & Clarke, R. I. (2012). Domain analysis for a video game metadata schema: Issues and challenges. In P. Zaphiris et al. (Eds.), *Theory and practice of digital libraries* (pp. 280-285). Springer.",429,0,0,0,0,1,0,0,0
U3NM7Z3A,2013,2010s,"Lee, J. H., Tennis, J. T., Clarke, R. I., & Carpenter, M. (2013). Developing a video game metadata schema for the Seattle Interactive Media Museum. *International Journal on Digital Libraries, 13*(2), 105-117. https://doi.org/10.1007/s00799-013-0103-x",521,0,0,0,0,0,0,0,1
XSJKWBVW,2013,2010s,"Lee, J. H., Cho, H., Fox, V., & Perti, A. (2013). User-centered approach in creating a metadata schema for video games and interactive media. In *Proceedings of the 13th ACM/IEEE-CS Joint Conference on Digital Libraries* (pp. 229-238). ACM. https://doi.org/10.1145/2467696.2467702",822,1,0,0,0,1,0,0,0
KR29B86H,2014,2010s,"Lee, J. H., Karlova, N., Clarke, R. I., Thornton, K., & Perti, A. (2014). Facet analysis of video game genres. In *iConference 2014 Proceedings* (pp. 125-139). https://doi.org/10.9776/14057",459,1,0,0,0,0,0,0,0
R9XZK748,2014,2010s,"Lee, J. H., Clarke, R. I., Sacchi, S., & Jett, J. (2014). Relationships among video games: Existing standards and new definitions. *Proceedings of the American Society for Information Science and Technology, 51*(1), 1-11. https://doi.org/10.1002/meet.2014.14505101035",857,0,0,1,0,1,0,0,0
QZN8Y3MZ,2015,2010s,"Lee, J. H., Clarke, R. I., & Perti, A. (2015). Empirical evaluation of metadata for video games and interactive media. *Journal of the Association for Information Science and Technology, 66*(12), 2609-2625. https://doi.org/10.1002/asi.23357",568,0,1,0,0,1,0,0,0
XJAX3WUX,2015,2010s,"Lee, J. H., Jett, J., & Perti, A. (2015). The problem of ""additional content"" in video games. In *Proceedings of the 15th ACM/IEEE-CS Joint Conference on Digital Libraries* (pp. 237-240). ACM. https://doi.org/10.1145/2756406.2756949",610,0,0,0,0,0,1,0,0
XARJBCLY,2016,2010s,"Lee, J. H., Clarke, R. I., & Rossi, S. (2016). A qualitative investigation of users' discovery, access, and organization of video games as information objects. *Journal of Information Science, 42*(6), 833-850. https://doi.org/10.1177/0165551515618594",538,0,1,0,0,0,0,0,0
V7SRWJTL,2017,2010s,"Lee, J. H., Clarke, R. I., Cho, H., & Windleharth, T. (2017). Understanding appeals of video games for readers' advisory and recommendation. *Reference & User Services Quarterly, 57*(2), 127-139.",759,0,1,0,0,0,0,0,0
7RKRWJFS,2020,2020s,"Lee, J. H., Schmalz, M., Keating, S., & Ha, J. (2020). Challenges in organizing and accessing video game development artifacts. In A. Sundqvist, G. Berget, J. Nolin, & K. I. Skjerdingstad (Eds.), *Sustainable digital communities: iConference 2020* (pp. 630-637). Springer. https://doi.org/10.1007/978-3-030-43687-2_53",773,0,1,0,0,0,0,0,0
UATCSTL5,2020,2020s,"Lee, K. J., King, W. E., Dahya, N., & Lee, J. H. (2020). Librarian perspectives on the role of virtual reality in public libraries. *Proceedings of the Association for Information Science and Technology, 57*(1), e254. https://doi.org/10.1002/pra2.254",825,0,1,0,0,0,0,0,0
H4TH4XMM,2024,2020s,"Lee, J. H., Björling, E., McLean, R., Moreno, A., & Lee, K. J. (2024). Supporting youth mental health through co-designing a virtual reality experience: A recipe-based co-design model. *The Library Quarterly: Information, Community, Policy, 94*(2), 134-158. https://doi.org/10.1086/729230",794,0,1,0,0,0,0,0,0
A4T69V37,2023,2020s,"Lester, D., Skulmoski, G. J., Fisher, D. P., Mehrotra, V., Lim, I., Lang, A., & Keogh, J. W. L. (2023). Drivers and barriers to the utilisation of gamification and game-based learning in universities: A systematic review of educators' perspectives. *British Journal of Educational Technology, 54*(6), 1748-1770. https://doi.org/10.1111/bjet.13311",523,0,0,1,0,0,0,0,0
FWRDR5NU,2019,2010s,"Lewallen, K. (2019). Curating breakout boxes. *Knowledge Quest, 48*(2), 42-46.",553,0,0,0,0,0,1,0,0
VQC6J2WZ,2018,2010s,"Litsey, R., Harris, R., & London, J. (2018). Ctrl ""C""-Ctrl ""V""; using gaming peripherals to improve library workflows and enhance staff efficiency. *Journal of Access Services, 15*(1), 34-43. https://doi.org/10.1080/15367967.2017.1420481",482,0,0,0,1,0,0,0,0
PPQP65Q2,2024,2020s,"Littman, D. M., Milligan, T., Berry, R., Holloway, B., & Scott, M. L. (2024). What do recently housed young people imagine for the future of third places? Using game-based inquiry to (re)imagine affirming, youth-centered third places. *American Journal of Community Psychology, 74*(1-2), 127-141. https://doi.org/10.1002/ajcp.12750",707,0,1,0,0,0,0,0,0
DHPKUSIA,2024,2020s,*LSHM: TTRPG Venture Society*. (2024). Google Docs.,361,0,0,0,0,0,0,1,0
47TXRCQV,2010,2010s,"Madray, A., & Catalano, A. (2010). The Curriculum Material Center's vital link to play and learning: What's the connection? *Education Libraries, 33*(2), 11-17.",728,0,0,0,0,0,1,0,0
RT9RP42S,2013,2010s,"Maluck, T. (2013). Tales from Play It Loud. *Library Trends, 61*(4), 779-789. https://doi.org/10.1353/lib.2013.0014",1726,0,1,0,1,0,0,0,0
28AWBD5X,2022,2020s,"Manso Rodriguez, R. A. (2022). Gamificacion en bibliotecas para la alfabetizacion mediatica e informacional, tendencias, buenas practicas y recomendaciones. *Bibliotecas. Anales de Investigacion, 18*(3), 1-15.",630,0,0,1,0,0,0,0,0
IX86B67D,2024,2020s,"Manzano-León, A., Rodríguez-Rivera, P., Raposo-Rivas, M., & Rodríguez-Ferrer, J. M. (2024). Digital game-based learning for transgender identity awareness: A qualitative study in Spanish social education degree. *Current Psychology, 43*(20), 18065-18073. https://doi.org/10.1007/s12144-023-05556-3",608,0,1,0,0,0,0,0,0
FDZ94PLN,2023,2020s,"Maranchak, M., & Maranchak, N. (2023). Gamification mechanics usage for UGC promotion in online library marketing. *Ukrainian Journal on Library and Information Science*, (11), 21-33. https://doi.org/10.31866/2616-7654.11.2023.282652",627,1,0,0,0,0,0,0,0
55JCV6N4,2022,2020s,"Martín-Martín, Ó., Manero, B., & Romero-Hernández, A. (2022). El videojuego como herramienta de alfabetización informacional en estudiantes universitarios [The video game as an information literacy tool for university students]. *Profesional de la información, 31*(4), e310402. https://doi.org/10.3145/epi.2022.jul.02",727,0,1,0,0,0,0,0,0
XRRW28N5,2021,2020s,"Mattson, J. L. (2021). Review of the book *Games and gamification in academic libraries*, edited by S. Crowe and E. Sclippa. *Communications in Information Literacy, 15*(1), 158-163.",458,0,0,0,0,0,1,0,0
JCR8I7M9,2023,2020s,"Maxwell, L. (2023). *Let's roll: A guide to setting up tabletop role-playing games in your school or public library*. Facet Publishing.",549,0,0,0,0,0,1,0,0
7CQMGTW5,2017,2010s,"McCulloch, A. (2017). Cataloguing and classifying board and tabletop games. *Catalogue and Index, 189*, 20-24.",553,0,0,0,0,0,1,0,0
KTM5J3VY,2021,2020s,"McDonald, C., Schmalz, M., Monheim, A., Keating, S., Lewin, K., Cifaldi, F., & Lee, J. H. (2021). Describing, organizing, and maintaining video game development artifacts. *Journal of the Association for Information Science and Technology, 72*(5), 540-553. https://doi.org/10.1002/asi.24432",874,0,1,0,0,0,0,0,0
8B9VDF6R,2025,2020s,"Midget, R. (2025). Intellectual property or modern folklore? The problem with open gaming licenses in tabletop gaming. *Seattle University Law Review, 48*, 1129.",475,0,0,0,1,0,0,0,0
P8EW3DI4,2018,2010s,"Minchin, P. (2018). In praise of tabletop games: Part 1. *Access, 32*(1), 41-45.",561,0,0,0,0,0,0,0,1
X84679ZZ,2023,2020s,"Moid, A., Raza, M. M., Javed, M., & Jahan, K. (2023). Role of digital humanities in libraries: Mapping gamification gimmicks. *DESIDOC Journal of Library & Information Technology, 43*(4), 249-257. https://doi.org/10.14429/djlit.43.4.19233",595,0,0,0,0,0,0,0,1
TTGSZMWW,2012,2010s,"Mon, L. M. (2012). Professional avatars: Librarians and educators in virtual worlds. *Journal of Documentation, 68*(3), 318-329. https://doi.org/10.1108/00220411211225566",1873,0,1,0,0,0,0,0,0
FR6RXCIL,2008,2000s,"Montola, M., & Stenros, J. (Eds.). (2008). *Playground worlds: Creating and evaluating experiences of role-playing games*. Ropecon ry.",576,0,0,0,0,0,0,0,1
A7GUZTZH,2023,2020s,"Nelson, A. (2023). Review of the book *Let's roll: A guide to setting up tabletop role-playing games in your school or public library*, by L. Maxwell. *School Library Journal, 69*(5), 103.",390,0,0,0,1,0,1,0,0
EXWIYDKK,2025,2020s,"Nelson, S. B., & Matthews, A. (2025). Roll for initiative: Balancing player and party in library D&D games. *Public Library Quarterly*, 1-22. https://doi.org/10.1080/01616846.2025.2522620",954,0,1,0,0,0,0,0,0
TRYWDQ2Z,2013,2010s,"Nicholson, S. (2013). Playing in the past: A history of games, toys, and puzzles in North American libraries. *The Library Quarterly, 83*(4), 341-361. https://doi.org/10.1086/671913",775,1,0,0,0,0,1,0,0
A95N9V7K,2023,2020s,"Ninaus, M., Kiili, K., Cortez, R., Hazin, I., Wortha, S. M., Klein, E., Weiss, E. M., & Moeller, K. (2023). The added value of game elements: Better training performance but comparable learning gains. *Educational Technology Research and Development*. https://doi.org/10.1007/s11423-023-10263-8",497,0,1,0,0,0,0,0,0
AM8XXKKV,2021,2020s,"Noorda, R., & Inman Berens, K. (2021). Immersive media and books 2020: New insights about book pirates, libraries and discovery, millennials, and cross-media engagement: Before and during COVID. *Publishing Research Quarterly, 37*, 227-240. https://doi.org/10.1007/s12109-021-09810-z",662,0,1,0,0,0,0,0,0
JPG7LU78,2019,2010s,"Nyitray, K. J. (2019). Game on to game after: Sources for video game history. *Reference & User Services Quarterly, 59*(1), 7-11.",529,0,0,0,0,0,0,0,1
VVGXLYAL,2024,2020s,"Okada, T. (2024). *LSHM: TTRPG To The Bitter End*. Google Docs.",325,0,0,0,0,0,0,1,0
47HEAQ9R,2023,2020s,"Pan, Y., & Ke, F. (2023). Effects of game-based learning supports on students' math performance and perceived game flow. *Educational Technology Research and Development, 71*(2), 459-479. https://doi.org/10.1007/s11423-022-10183-z",519,0,1,0,0,0,0,0,0
KDKQJPCS,2024,2020s,"Pan, Y., Adams, E. L., Ketterlin-Geller, L. R., Larson, E. C., & Clark, C. (2024). Enhancing middle school students' computational thinking competency through game-based learning. *Educational Technology Research and Development, 72*(6), 3391-3419. https://doi.org/10.1007/s11423-024-10400-x",666,0,1,0,0,0,0,0,0
DZ5X7TJM,2021,2020s,"Patino, D. M., Summerlin, E., Benn, S., Roldan, W., Joya, A., Dahya, N., Luke, J., Lee, J. H., & Yip, J. (2021). *Virtual Reality Art & Design Curriculum*. University of Washington Information School Digital Youth Lab. https://ischool.uw.edu/echo-glen-curriculum",899,0,0,0,0,0,1,0,0
78GDIC6Y,2015,2010s,"Pervolaraki, I.-E., Garoufallou, E., Siatri, R., Zafeiriou, G., & Virkus, S. (2015). How can video games facilitate information literacy? In S. Kurbanoğlu, J. Boustany, S. Špiranec, E. Grassian, D. Mizrachi, & L. Roy (Eds.), *Information literacy: Moving toward sustainability* (pp. 339-349). Springer. https://doi.org/10.1007/978-3-319-28197-1_35",643,0,0,0,0,0,0,0,1
SPI4S64W,2022,2020s,"Pinedo, R., Garcia-Martin, N., Rascon, D., Caballero-San Jose, C., & Canas, M. (2022). Reasoning and learning with board game-based learning: A case study. *Current Psychology, 41*(3), 1603-1617. https://doi.org/10.1007/s12144-021-01744-1",660,0,1,0,0,0,0,0,0
W445KKUU,2023,2020s,"Ponto, K., Tredinnick, R., Verbeke, M., Kopp, K., Swanson, L., & Gagnon, D. (2023). Waddle: Using virtual penguin embodiment as a vehicle for empathy and informal learning. In *Proceedings of the 29th ACM Symposium on Virtual Reality Software and Technology (VRST 2023)*. ACM. https://doi.org/10.1145/3611659.3617211",606,0,1,0,0,0,0,0,0
6RCXMM85,2024,2020s,"Porter, M., Strang, R., & Costello, D. (2024). RTRT: Grants & Games Resource List. *Google Docs*. https://docs.google.com/document/d/1-J_cZxnau_hTxUoyxJZyXtCz3W0_OmAbCgRbNwNjWLE/edit?usp=sharing&usp=embed_facebook",392,0,0,0,0,0,0,1,0
ZG9NXQB5,2024,2020s,"Porter, M., Sewell, A., Bergstrom, G., & Costello, D. (2024). RTRT: International Games Month. *Google Docs*. https://docs.google.com/document/d/1cC7xc5nZrYRHbFUBOKRetIaRZBtpVP_fAbv4p6Q1Zjs/edit?usp=sharing&usp=embed_facebook",392,0,0,0,0,0,0,1,0
WB2GDKPF,2023,2020s,"Post, C., Henry, T., Nunnally, K., & Lanham, C. (2023). A colossal catalog adventure: Representing indie video games and game creators in library catalogs. *Cataloging & Classification Quarterly, 61*(7-8), 792-814. https://doi.org/10.1080/01639374.2023.2280207",710,0,1,0,0,0,0,0,0
W8ZIDSLW,2023,2020s,Public Library Association. (2023). *Public Library Services for Strong Communities Report: Results from the 2022 PLA Annual Survey*. Public Library Association.,774,0,1,0,0,0,0,0,0
4UDVWW6X,2024,2020s,Queertacular Resource List. (2024). *Google Docs*. https://docs.google.com/document/d/1TZ8Ub6hqYjbFaD0LO6LBwxxZvHcsJRuxMcJk0WA5in4/edit?usp=sharing&usp=embed_facebook,390,0,0,0,0,0,0,1,0
WRHKEUUV,2023,2020s,Resources for understanding D&D's new OGL. (2023). *Google Docs*. https://docs.google.com/document/u/1/d/1afPW1kl9ygogfvnqDrfEC3LoTdVhr2vu5GdIsrH9yhU/edit?usp=drive_web&ouid=104872546336741826329&usp=embed_facebook,415,0,0,0,0,0,1,0,0
PNVXZLYB,2018,2010s,"Robson, D., Phillips, J., & Guerrero, S. (2018). Don't just roll the dice: Simple solutions for circulating tabletop game collections effectively in your library. *Library Resources & Technical Services, 62*(2), 80-90. https://doi.org/10.5860/lrts.62n2.80",691,0,0,0,1,0,0,0,0
53WHCDML,2019,2010s,"Robson, D., Sassen, C., Thomale, J., & Yanowski, K. (2019). Enhancing the discovery of tabletop games. *Library Resources & Technical Services, 63*(3), 199-215. https://doi.org/10.5860/lrts.63n3.199",728,0,0,0,1,0,0,0,0
3TH7L7D9,2014,2010s,"Rossi, S., Lee, J. H., & Clarke, R. I. (2014). Mood metadata for video games and interactive media. In *2014 IEEE/ACM Joint Conference on Digital Libraries* (pp. 475-476). IEEE. https://doi.org/10.1109/JCDL.2014.6970232",669,0,1,0,0,1,0,0,0
HJ75SJW3,2010,2010s,"Ryan, J., Porter, M., & Miller, R. (2010). Academic library services in virtual worlds: An examination of the potential for library services in immersive environments. *Journal of Information Technology Education: Innovations in Practice, 9*, 253-273.",583,0,0,0,0,0,0,0,1
EMNRPJCG,2024,2020s,"Sánchez-Cabrero, R. (2024). Conexiones en las nuevas metodologías educativas del Lore como recurso educativo [Connections in the new educational methodologies of Lore as an educational resource]. *Educación y Humanismo, 26*(46), 126-152. https://doi.org/10.17081/eduhum.26.46.6668",642,0,0,0,0,0,0,0,1
EHHM9BJU,2022,2020s,"Sánchez-Ruiz, L. M., López-Alfonso, S., Moll-López, S., Moraño-Fernández, J. A., & Vega-Fleitas, E. (2022). Educational digital escape rooms footprint on students' feelings: A case study within aerospace engineering. *Information, 13*(10), 478. https://doi.org/10.3390/info13100478",621,0,1,0,0,0,0,0,0
MPX3T4U5,1982,1980s,"Sanders, E. R. (1982). Dungeons and Dragons in a public library. *Indiana Libraries, 2*(3), 93-98.",632,0,0,0,1,0,0,0,0
DCF8ZU93,2018,2010s,"Seay, J. A. (2018). Considering games and gamification in libraries & associated entities: In praise of real people. *Against the Grain, 30*(5), 86-87.",622,0,0,0,0,0,1,0,0
E3J2XAST,2018,2010s,"Seay, J. A. (2018). Considering games and gamification in libraries & associated entities: Surely, you can't be serious: When library folk go game. *Against the Grain, 30*(2), 58-59. https://doi.org/10.7771/2380-176X.8063",591,0,0,0,0,0,1,0,0
ME9ZJJK8,2018,2010s,"Seay, J. A. (2018). Considering games and gamification in libraries & associated entities: The ""G"" word. *Against the Grain, 30*(4), 68-69. https://doi.org/10.7771/2380-176X.8311",590,0,0,0,0,0,1,0,0
WVJ69C9H,2018,2010s,"Seay, J. A. (2018). Considering games and gamification in libraries & associated entities: How the longing for tabletops has revitalized games. *Against the Grain, 30*(3), 64-67.",537,0,0,0,0,0,1,0,0
2JMNMMRA,2019,2010s,"Seay, J. A. (2019). Considering games in libraries and such: On using a game to actually teach something. Part I: The accidental learner. *Against the Grain, 31*(5), 72-80.",582,0,0,0,0,0,1,0,0
APGAWNSY,2019,2010s,"Seay, J. A. (2019). Considering games in libraries and such: Space guardians: New Year's musings of how libraries of old (including but not necessarily old librarians) have returned just in time to save us from digital anxiety. *Against the Grain, 31*(1), 51.",573,0,0,0,0,0,1,0,0
LHF32QZC,2019,2010s,"Seay, J. A. (2019). Considering games in libraries and such: A liminal response to watching paint dry. *Against the Grain, 31*(2), 37.",535,0,0,0,0,0,1,0,0
YFLBM9RD,2019,2010s,"Seay, J. A. (2019). Considering games in libraries and such: The ultimate library instruction. *Against the Grain, 31*(6), 65.",468,0,0,0,0,0,1,0,0
RTWHJ98M,2023,2020s,"Simpson, K., & Midgley, K. (2023). Learning through fun: Board games cafes for undergraduate nursing students. *British Journal of Nursing, 32*(8), 384-389.",516,0,0,0,1,0,0,0,0
EX23SNC4,2011,2010s,"Sitzmann, T. (2011). A meta-analytic examination of the instructional effectiveness of computer-based simulation games. *Personnel Psychology, 64*(2), 489-528. https://doi.org/10.1111/j.1744-6570.2011.01190.x",816,0,0,1,0,0,0,0,0
Q5BJVXJY,2017,2010s,"Slobuski, T., Robson, D., & Bentley, P. J. (2017). Arranging the pieces: A survey of library practices related to a tabletop game collection. *Evidence Based Library and Information Practice, 12*(1), 2-17. https://doi.org/10.18438/B8JG7H",1014,0,1,0,0,0,0,0,0
6ETYG8AH,2011,2010s,"Smith, A.-L., & Baker, L. (2011). Getting a clue: Creating student detectives and dragon slayers in your library. *Reference Services Review, 39*(4), 628-642. https://doi.org/10.1108/00907321111186659",727,0,1,0,0,0,0,0,0
PHUZSJZD,2024,2020s,"Smith, T. S. (2024). A dicey situation: A study of how controlled vocabularies describe tabletop roleplaying games. *Cataloging & Classification Quarterly*, 1-25. https://doi.org/10.1080/01639374.2024.2308117",647,1,0,0,0,0,0,0,0
4UBWM866,2006,2000s,"Squire, K. (2006). From content to context: Videogames as designed experience. *Educational Researcher, 35*(8), 19-29. https://doi.org/10.3102/0013189X035008019",984,0,0,0,0,0,0,0,1
FGX9EK4C,2007,2000s,"Squire, K. D. (2007). Games, learning, and society: Building a field. *Educational Technology, 47*(5), 51-55.",947,0,0,0,0,0,0,0,1
UVMZ8PHU,2008,2000s,"Squire, K. (2008). Open-ended video games: A model for developing learning for the interactive age. In K. Salen (Ed.), *The ecology of games: Connecting youth, games, and learning* (pp. 167-198). MIT Press. https://doi.org/10.1162/dmal.9780262693646.167",950,0,1,0,0,1,0,0,0
VGGW8GCF,2008,2000s,"Squire, K. D. (2008). Video-game literacy: A literacy of expertise. In J. Coiro, M. Knobel, C. Lankshear, & D. J. Leu (Eds.), *Handbook of research on new literacies* (pp. 639-673). Lawrence Erlbaum Associates.",989,0,0,0,0,0,0,0,1
FXB6Y5QG,2021,2020s,"Stark, R. K., Opuda, E., McElfresh, J., & Kauffroath, K. (2021). Scavenging for evidence: A systematic review of scavenger hunts in academic libraries. *The Journal of Academic Librarianship, 47*(3), Article 102345. https://doi.org/10.1016/j.acalib.2021.102345",923,0,0,1,0,0,0,0,0
6EJVPA4N,2023,2020s,Statista. (n.d.). *Industries & markets: Board games and card games*.,678,0,1,0,0,0,0,0,0
XEC7KLHI,,n.d.,Statista. (n.d.). *Industries & markets: Video games*.,694,0,1,0,0,0,0,0,0
VM87PPI8,2010,2010s,"Storie, D. (2010). [Review of the book *Everyone plays at the library: Creating great gaming experiences for all ages*, by S. Nicholson]. *Journal of the Canadian Health Libraries Association / Journal de l'Association des bibliothèques de la santé du Canada, 31*, 123.",594,0,0,0,0,0,1,0,0
ENY4RRIW,2024,2020s,"Sureephong, P., Chernbumroong, S., Niemsup, S., Homla, P., Intawong, K., & Puritat, K. (2024). Exploring the impact of the gamified metaverse on knowledge acquisition and library anxiety in academic libraries. *Information Technology and Libraries, 43*(1). https://doi.org/10.5860/ital.v43i1.16651",855,0,1,0,0,0,0,0,0
Q9CUHJCI,2016,2010s,"Swiatek, C., & Gorsse, M. (2016). Playing games at the library: Seriously? *LIBER Quarterly, 26*(2), 83-101. https://doi.org/10.18352/lq.10161",614,0,1,0,1,0,0,0,0
4UN6BFPQ,2024,2020s,"Tahir, R., & Wang, A. I. (2024). Evaluating the effectiveness of game-based learning for teaching refugee children Arabic using the integrated LEAGUE-GQM approach. *Behaviour & Information Technology, 43*(1), 110-138. https://doi.org/10.1080/0144929X.2022.2156386",615,0,1,0,0,0,0,0,0
ZH8JITZ4,2022,2020s,"Tanaka, C. (2022). Indigenous video games in libraries. *Pathfinder: A Canadian Journal for Information Science Students and Early Career Professionals, 3*(1), 14-29. https://doi.org/10.29173/pathfinder57",583,0,0,0,0,0,0,0,1
M983BURB,2024,2020s,"Taylor, E., & Liew, C. L. (2024). Depiction of library use in video games: A content analysis. *Journal of Documentation, 80*(1), 158-179. https://doi.org/10.1108/JD-03-2023-0046",626,1,0,0,0,0,0,0,0
AE9HKHNN,2013,2010s,"Timothy, A. (2013, January 2). Addiction vs. reflection: Unlocking the potential of games. *Edutopia*. https://www.edutopia.org/blog/addiction-vs-reflection-gaming-potential-adam-timothy",428,0,0,0,0,0,1,0,0
MMIYTC9Q,2014,2010s,"Torres-Roman, S. A., & Snow, C. E. (2014). *Dragons in the stacks: A teen librarian's guide to tabletop role-playing*. Libraries Unlimited.",554,0,0,0,0,0,1,0,0
FDBYMG7J,2020,2020s,"Valenti, S., Lund, B., & Wang, T. (2020). Virtual reality as a tool for student orientation in distance education programs: A study of new library and information science students. *Information Technology and Libraries, 39*(2), 1-12. https://doi.org/10.6017/ital.v39i2.11937",679,0,1,0,0,0,0,0,0
DEMPZ8YZ,2013,2010s,"Vanden Elzen, A. M., & Roush, J. (2013). Brawling in the library: Gaming programs for impactful outreach and instruction at an academic library. *Library Trends, 61*(4), 802-813.",771,0,1,0,0,0,0,0,0
JCT7DKA7,2022,2020s,"Varsa, J. (2022). Oconee County Library puts on inaugural FanFest. *Georgia Library Quarterly, 59*(3), 1-2.",601,0,0,0,0,0,1,0,0
XF4MXTVF,2019,2010s,"Virello, M. (2019). Putting the ""Extra"" in Extraordinary: Creating a Library Comic Con. *Children & Libraries: The Journal of the Association for Library Service to Children, 17*(1), 31-34. https://doi.org/10.5860/cal.17.1.31",772,0,0,0,0,0,1,0,0
EYT3GSDN,2006,2000s,"Vogel, J. J., Vogel, D. S., Cannon-Bowers, J., Bowers, C. A., Muse, K., & Wright, M. (2006). Computer gaming and interactive simulations for learning: A meta-analysis. *Journal of Educational Computing Research, 34*(3), 229-243. https://doi.org/10.2190/FLHV-K4WA-WPVQ-H0YM",805,0,0,1,0,0,0,0,0
UZAMI5IB,2024,2020s,"Walton, J. L. (Ed.). (2024). *Utopia on the tabletop*. Ping Press. https://drive.google.com/file/d/142T45GkcP4KAKxF_6s91klH2ulWDwSKd/view",570,0,0,0,0,0,1,0,0
AAVP3UL7,2023,2020s,"Wang, D.-C., & Huang, Y.-M. (2023). Exploring the influence of competition and collaboration on learning performance in digital game-based learning. *Educational Technology Research and Development, 71*, 1547-1565. https://doi.org/10.1007/s11423-023-10247-8",452,0,1,0,0,0,0,0,0
4FELUX62,2024,2020s,"Watson, A. P., Batte, E., Young, B. W., & Watson, S. A. (2024). Dungeons & Dewey decimals: A D&D-style TTRPG adventure module for outreach and library skills. *College & Undergraduate Libraries, 31*(3-4), 113-129. https://doi.org/10.1080/10691316.2024.2425089",661,0,1,0,1,0,0,0,0
53X4P8WS,2011,2010s,"Webber, S., & Nahl, D. (2011). Sustaining learning for LIS through use of a virtual world. *IFLA Journal, 37*(1), 5-15. https://doi.org/10.1177/0340035210397137",846,0,1,0,0,0,0,0,0
HUVU4YGP,2024,2020s,"Wedlake, S., Coward, C., & Lee, J. H. (2024). How games can support misinformation education: A sociocultural perspective. *Journal of the Association for Information Science and Technology, 75*(13), 1480-1497. https://doi.org/10.1002/asi.24954",661,0,0,0,0,0,0,0,1
DTE3PY5T,2015,2010s,"Welhouse, Z., Lee, J. H., & Bancroft, J. (2015). ""What am I fighting for?"": Creating a controlled vocabulary for video game plot metadata. *Cataloging & Classification Quarterly, 53*(2), 157-189. https://doi.org/10.1080/01639374.2014.963776",699,0,1,0,0,1,0,0,0
EBRLUTKR,2013,2010s,"Werner, K. (2013). Bringing them in: Developing a gaming program for the library. *Library Trends, 61*(4), 790-801.",622,0,0,0,1,0,0,0,0
ZAX7YVFU,2016,2010s,"Windleharth, T. W., Jett, J., Schmalz, M., & Lee, J. H. (2016). Full Steam ahead: A conceptual analysis of user-supplied tags on Steam. *Cataloging & Classification Quarterly, 54*(7), 418-441. https://doi.org/10.1080/01639374.2016.1190951",530,1,0,0,0,1,0,0,0
PF6CY459,2018,2010s,"Wood, K., & Carter, D. S. (2018). Art and technology: Archiving video games for humanities research in university libraries. *Art Libraries Journal, 43*(4), 185-195. https://doi.org/10.1017/alj.2018.29",913,1,0,0,0,0,0,0,0
8NGWAVHF,2013,2010s,"Wouters, P., van Nimwegen, C., van Oostendorp, H., & van der Spek, E. D. (2013). A meta-analysis of the cognitive and motivational effects of serious games. *Journal of Educational Psychology, 105*(2), 249-265. https://doi.org/10.1037/a0031311",807,0,0,1,0,0,0,0,0
CB4XQXNR,2020,2020s,"Yap, J. M., & Peñaflor, J. (2020). The amazing library race: Developing students' media and information literacy skills through games. *Journal of Information Literacy, 14*(1), 66-82. https://doi.org/10.11645/14.1.2708",562,0,0,0,1,0,0,0,0
D6N5Q9E4,2024,2020s,"Zheng, X.-L., Tu, Y.-F., Hwang, G.-J., Yu, J., & Huang, Y.-B. (2024). Interweaving of self-regulated learning and game-based learning in higher education: A review of academic publications from 2009 to 2020. *Educational Technology Research and Development, 72*(6), 3185-3216. https://doi.org/10.1007/s11423-024-10393-7",588,0,0,1,0,0,0,0,0
